Name,Dataset,R2,size
his_jsr_2023.git,1,-0.0012777831848536092,17
his_jsr_2023.git,2,0.09715552839364439,5
his_jsr_2023.git,3,0.0025825709242290884,23
